http://www.objectplayground.com/,Object Playground: The Definitive Guide to Object-Oriented JavaScript
http://jsforcats.com/,JavaScript for Cats
https://blog.jcoglan.com/2013/03/30/callbacks-are-imperative-promises-are-functional-nodes-biggest-missed-opportunity/,"Callbacks are imperative, promises are functional: Node's biggest missed opportunity ‚Äì The If Works"
https://www.youtube.com/channel/UCO1cgjhGzsSYb1rsB4bFe4Q,mpjme - YouTube
https://github.com/HugoGiraudel/SJSJ,HugoGiraudel/SJSJ
http://reactivex.io/learnrx/,Functional Programming in Javascript
https://qualified.io/for-education,Qualified for Education - Automated Teacher's Assistant for Code Classrooms
https://risingstars2016.js.org/#react-template,2016 JavaScript Rising Stars
https://www.joelonsoftware.com/2003/10/08/the-absolute-minimum-every-software-developer-absolutely-positively-must-know-about-unicode-and-character-sets-no-excuses/,"The Absolute Minimum Every Software Developer Absolutely, Positively Must Know About Unicode and Character Sets (No Excuses!) ‚Äì Joel on Software"
https://medium.freecodecamp.com/functional-programming-in-js-with-practical-examples-part-1-87c2b0dbc276,Functional Programming In JavaScript ‚Äî With Practical Examples (Part 1)
https://ponyfoo.com/articles/understanding-javascript-async-await,Understanding JavaScript‚Äôs async await
https://stackblitz.com/,StackBlitz
https://docs.google.com/document/d/1nuQg0jamYER5gvVIMs-6FUKhRZwZFR_9H4eT-y4Rqfo/edit,SOAR Calls - Google Docs
https://www.codingame.com/start,Coding Games and Programming Challenges to Code Better
https://github.com/reyronald/awesome-toolkits,"reyronald/awesome-toolkits: A curated list of open source, high-quality, popular and well maintained ""zero-configuration"" toolkits"
https://www.youtube.com/watch?v=AaGK-fj-BAM,Coding Challenge #3: The Snake Game - YouTube
http://www.jobsintech.io/#q=&page=0&refinements=%5B%5D,JobsInTech
https://weworkremotely.com/,"Remote Jobs: Design, Programming, Rails, Executive, Marketing, Copywriting, and more."
http://visualgo.net/,VisuAlgo - visualising data structures and algorithms through animation
https://gist.githubusercontent.com/ctide/4105b92db1523f2c4f6cbdb761b95e47/raw/e59eecda7d12b52a39cbd1b16f799b6571fc149c/google%2520interview.txt,https://gist.githubusercontent.com/ctide/4105b92db1523f2c4f6cbdb761b95e47/raw/e59eecda7d12b52a39cbd1b16f799b6571fc149c/google%2520interview.txt
http://www.kegel.com/academy/getting-hired.html,How To Get Hired -- What CS Students Need to Know
https://github.com/eoftedal/cryptopals.js/blob/master/crypt.js,cryptopals.js/crypt.js at master ¬∑ eoftedal/cryptopals.js
http://cryptopals.com/,The Matasano Crypto Challenges
https://github.com/ctfs/write-ups-2014/tree/master/stripe-ctf3/level1,write-ups-2014/stripe-ctf3/level1 at master ¬∑ ctfs/write-ups-2014
http://hackyourselffirst.troyhunt.com/,Supercar Showdown - Supercar Showdown
https://cryptozombies.io/,CryptoZombies Ethereum Course - Learn how to code Solidity. Powered By Loom Network
https://thecontrol.co/a-brief-overview-of-dapp-development-b8ac1648322c,A Brief Overview of dApp Development ‚Äì The Control
https://www.youtube.com/watch?v=NdF1QDTRkck,Lecture 10 | Programming Abstractions (Stanford) - YouTube
http://ocw.mit.edu/courses/electrical-engineering-and-computer-science/6-006-introduction-to-algorithms-fall-2011/index.htm,Introduction to Algorithms | Electrical Engineering and Computer Science | MIT OpenCourseWare
http://setosa.io/ev/,Explained Visually
https://mgechev.github.io/javascript-algorithms/,JSDoc: Home
https://gist.github.com/garybernhardt/122909856b570c5c457a6cd674795a9c,types.markdown
https://www.gitbook.com/book/drboolean/mostly-adequate-guide/details,mostly-adequate-guide ¬∑ GitBook
https://gist.github.com/mranney/1707371,Why we can't process Emoji anymore
https://workshape.github.io/visual-graph-algorithms/,A Visual Guide to Graph Traversal Algorithms by Workshape.io
https://www.cs.usfca.edu/~galles/visualization/Algorithms.html,Data Structure Visualization
https://visualgo.net/en/sorting,"VisuAlgo - Sorting (Bubble, Selection, Insertion, Merge, Quick, Counting, Radix)"
https://bost.ocks.org/mike/algorithms/,Visualizing Algorithms
https://github.com/parkjs814/AlgorithmVisualizer,parkjs814/AlgorithmVisualizer: Algorithm Visualizer
https://github.com/donnemartin/interactive-coding-challenges#anki-flashcards-coding-and-design,donnemartin/interactive-coding-challenges: Interactive Python coding interview challenges (algorithms and data structures). Includes Anki flashcards.
https://github.com/seanhaneberg/bitwise-examples,seanhaneberg/bitwise-examples: Real-world applications of bitwise operators and related resources
https://github.com/microsoft/pxt-neopixel/blob/master/neopixel.ts,pxt-neopixel/neopixel.ts at master ¬∑ microsoft/pxt-neopixel ¬∑ GitHub
https://www.cs.utexas.edu/~EWD/transcriptions/EWD10xx/EWD1036.html,E.W. Dijkstra Archive: On the cruelty of really teaching computing science (EWD 1036)
https://english.emmaclit.com/2017/05/20/you-shouldve-asked/,You should‚Äôve asked | Emma
https://media.ccc.de/v/SHA2017-324-nerd-wrangling_101,media.ccc.de - Nerd-Wrangling 101
http://larahogan.me/blog/first-one-on-one-questions/,Questions for our first 1:1 | Lara Hogan
http://www.effectiveengineer.com/blog/what-does-it-mean-to-be-an-effective-tech-lead,What Does It Mean to Be an Effective Tech Lead?
http://marciaconner.com/dl/ridge-primer-p12-15.pdf,darden
http://firstround.com/review/The-Best-Approach-to-the-Worst-Conversation/,"The Best Approach to the Worst Conversation: ""You're Fired"" | First Round Review"
http://positivedoodles.tumblr.com/,EMM'S POSITIVITY BLOG.
https://www.katacoda.com/,Katacoda - Interactive Learning Platform for Software Engineers
https://hackaday.com/2018/04/15/hide-secret-messages-in-plain-sight-with-zero-width-characters/,Hide Secret Messages In Plain Sight With Zero-Width Characters | Hackaday
https://www.hackster.io/taifur/intelligent-door-lock-f9b7c3,Intelligent Door Lock - Hackster.io
https://html5up.net/,HTML5 UP! Responsive HTML5 and CSS3 Site Templates
https://www.bizplan.com/?ref=scoPlatformHeader,Business Planning Software | Business Plan Tools | Bizplan
https://coda.io/t/Guide-to-dominating-Product-Hunt_tNksZ5cl8Zp/preview?useBack,Guide to dominating Product Hunt
http://getstream.io/,Stream | Your API for building activity streams
https://hackernoon.com/the-2018-devops-roadmap-31588d8670cb,The 2018 DevOps RoadMap ‚Äì Hacker Noon
https://insights.stackoverflow.com/survey/2017,Stack Overflow Developer Survey 2017
https://trainingmag.com/sites/default/files/images/Training_Industry_Report_2016.pdf,trainingmag.com
https://insights.stackoverflow.com/survey/2019,Stack Overflow Developer Survey 2019
https://ahoy.twilio.com/flex_analyst_report_gartner_customer_service?utm_source=linkedin&utm_medium=cpc&utm_campaign=3Q_Twilio_Flex_4RTG&utm_content=Flex_Gartner2019,Predicts 2019: CRM Customer Service and Support
http://www.frontendhandbook.com/,Introduction | Front-end Handbook
http://datausa.io/,Data USA
http://spers.ca/wp-content/uploads/2013/08/50-activities-for-developing-critical-thinking-skills.pdf,spers.ca/wp-content/uploads/2013/08/50-activities-for-developing-critical-thinking-skills.pdf
http://www.vinaysahni.com/best-practices-for-a-pragmatic-restful-api#restful,Best Practices for Designing a Pragmatic RESTful API | Vinay Sahni
https://www.npmjs.com/package/google-docs-cms,google-docs-cms
https://hackdesign.org/lessons/31,It&#39;s All Just Systems Design - Hack Design
http://tobyschachman.com/,Toby Schachman
https://slides.com/lizh/slides-template/edit,Edit
https://jstesting.jcoglan.com/cli.pdf,JavaScript_Testing_Recipes
https://repl.it/teacher/assignments/29862/edit/correction,repl.it - JS Foundations
https://github.com/MunGell/awesome-for-beginners,MunGell/awesome-for-beginners: A list of awesome beginners-friendly projects.
https://developers.google.com/apps-script/quickstart/forms,Quickstart: Managing Responses for Google Forms ¬†|¬† Apps Script ¬†|¬† Google Developers
https://github.com/ryanmcdermott/clean-code-javascript,ryanmcdermott/clean-code-javascript: Clean Code concepts adapted for JavaScript
https://gist.github.com/afeld/4952991,good APIs for mashups
http://www.pythontutor.com/javascript.html#mode=display,JavaScript Tutor - Visualize JavaScript code execution to learn JavaScript online
https://betterexplained.com/articles/highway-math/,The Math Inside the US Highway System ‚Äì BetterExplained
http://materializecss.com/icons.html,Materialize
http://www.binarytides.com/linux-commands-hardware-info/,16 commands to check hardware information on Linux
https://github.com/Idnan/bash-guide,Idnan/bash-guide: A guide to learn bash
https://docs.mongodb.com/manual/tutorial/query-documents/,MongoDB Manual 3.4
https://github.com/vadimdemedes/ink,vadimdemedes/ink: üåà React for interactive command-line apps
https://docs.google.com/spreadsheets/d/1TmgWnUgCsV9aGne2QN-PQKDLpzZoB3pELCp65CH1xUs/edit?ts=596fbae2#gid=1458243942,Potential teachers to contact - Google Sheets
https://www.vividcortex.com/resources/queueing-theory?utm_campaign=Node%20Weekly&utm_source=ppc,The Essential Guide to Queueing Theory
https://github.com/dabit3/create-new-cli,dabit3/create-new-cli: Create your own CLI using a series of simple commands.
https://alistapart.com/,A List Apart: For People Who Make Websites
https://murze.be/2016/06/building-dashboard-using-laravel-vue/,"Building a dashboard using Laravel, Vue.js and Pusher - murze.be"
https://kubernetes.io/docs/home/,Kubernetes Documentation - Kubernetes
https://egghead.io/,egghead.io - Learn professional JavaScript tools with Tutorial Videos & Training @eggheadio
https://github.com/i0natan/nodebestpractices#1-project-structure-practices,i0natan/nodebestpractices: The largest Node.JS best practices list. Curated from the top ranked articles and always updated
https://github.com/i0natan/nodebestpractices#3-code-style-practices,i0natan/nodebestpractices: The largest Node.JS best practices list. Curated from the top ranked articles and always updated
https://www.google.com/search?q=e-reader+with+mp3&oq=e-reader+with+mp3+&aqs=chrome..69i57j69i60j0l4.5311j0j4&sourceid=chrome&ie=UTF-8,e-reader with mp3 - Google Search
http://ai.berkeley.edu/home.html,Berkeley AI Materials
https://github.com/thejameskyle/itsy-bitsy-data-structures/blob/master/itsy-bitsy-data-structures.js,itsy-bitsy-data-structures/itsy-bitsy-data-structures.js at master ¬∑ thejameskyle/itsy-bitsy-data-structures
https://github.com/thejameskyle/the-super-tiny-compiler,thejameskyle/the-super-tiny-compiler: Possibly the smallest compiler ever
https://f0.holisticinfosecforwebdevelopers.com/chap03.html#starting-with-the-30000-foot-view-identify-risks,"Starting with the 30,000‚Äô View"
https://github.com/ml-smores/fast,ml-smores/fast: Feature Aware Student knowledge Tracing Toolkit. Implements HMMs with features for modeling student performance
https://docs.google.com/presentation/d/1kSuQyW5DTnkVaZEjGYCkfOxvzCqGEFzWBy4e9Uedd9k/preview?imm_mid=0f9b7e&cmp=em-data-na-na-newsltr_20171213&slide=id.g168a3288f7_0_58,Jason's Machine Learning 101 - Google Slides
https://www.youtube.com/watch?v=EZpdEljk5dY,Web APIs You [Probably] Didn't Know Existed - YouTube
https://jakearchibald.com/2015/tasks-microtasks-queues-and-schedules/,"Tasks, microtasks, queues and schedules - JakeArchibald.com"
https://github.com/Jam3/math-as-code,Jam3/math-as-code: a cheat-sheet for mathematical notation in code form
https://github.com/awslabs/ecs-nginx-reverse-proxy/tree/master/reverse-proxy,ecs-nginx-reverse-proxy/reverse-proxy at master ¬∑ awslabs/ecs-nginx-reverse-proxy
https://blockchaindemo.io/?ref=producthunt,Blockchain Demo - A visual demo of blockchain technology
http://www.tldp.org/LDP/abs/html/exitcodes.html,Exit Codes With Special Meanings
https://github.com/Enikol/freeCodeCamp/tree/staging/seed/challenges,freeCodeCamp/seed/challenges at staging ¬∑ Enikol/freeCodeCamp
https://github.com/hak5/bashbunny-payloads/tree/master/payloads/library/exfiltration,bashbunny-payloads/payloads/library/exfiltration at master ¬∑ hak5/bashbunny-payloads
https://stackshare.io/dubsmash/dubsmash-scaling-to-200-million-users-with-3-engineers,Dubsmash: Scaling To 200 Million Users With 3 Engineers - | StackShare
https://acloud.guru/learn/aws-technical-essentials,Introduction to AWS - A Cloud Guru
https://aws.amazon.com/getting-started/serverless-web-app/module-2/,Module 2 - User Management with Amazon Cognito
https://github.com/donnemartin/system-design-primer,donnemartin/system-design-primer: Learn how to design large-scale systems. Prep for the system design interview. Includes Anki flashcards.
https://github.com/kytrinyx,kytrinyx (Katrina Owen)
https://github.com/k88hudson/git-flight-rules,k88hudson/git-flight-rules: Flight rules for git
https://witeboard.com/1ae2fb40-11c6-11e8-b259-c5008ea806eb,Witeboard
https://engineering.intercom.com/scaling-mongodb-to-1-million-connections-and-beyond/,Scaling MongoDB to One Million Connections (and beyond) | Intercom Engineering
https://www.shellscript.sh/,https://www.shellscript.sh
https://homes.cs.washington.edu/~pedrod/papers/cacm12.pdf,dga.ps
https://www.netlify.com/,Netlify: All-in-one platform for automating modern web projects.
https://docs.google.com/presentation/d/1-ho7oyrTxiEzlTZdKDoTFyS7AP6-QCUewaoOzXU-tCY/edit#slide=id.g334f525951_0_3,Kubernetes 101 - Google Slides
https://github.com/learn-anything/learn-anything,learn-anything/learn-anything: üó∫ Search Interactive Maps to Learn Anything
https://learn-anything.xyz/,Learn Anything
https://adeshpande3.github.io/How-I-Used-Deep-Learning-to-Train-a-Chatbot-to-Talk-Like-Me,How I Used Deep Learning To Train A Chatbot To Talk Like Me (Sorta) ‚Äì Adit Deshpande ‚Äì CS Undergrad at UCLA ('19)
https://vega.github.io/vega/,A Visualization Grammar | Vega
https://github.com/benstew/blockchain-for-software-engineers,blockchain resource list
http://devdocs.io/,DevDocs API Documentation
https://serverless-stack.com/,Building a Full-Stack App with Serverless and React | Serverless Stack
https://github.com/reactjs/react-basic,reactjs/react-basic: A description of the conceptual model of React without implementation burden.
https://omnicommons.org/wiki/Collectives,Collectives - Omni Commons
https://peoplesopen.net/join-the-network/,Join the Network | People's Open Network
https://glitch.com/edit/#!/starter-aframe-deep-space?path=README.md:1:0,README.md ‚Äì starter-aframe-deep-space
https://developer.oculus.com/webvr/?locale=en_US,Oculus Developer Center | Browser Development
https://landingpad.me/myprofile,Landing Pad
https://github.com/InterviewMap/InterviewMap,"InterviewMap/InterviewMap: Build the best interview map. The current content includes JS, network, browser related, performance optimization, security, framework, Git, data structure, algorithm, etc."
https://github.com/pedronauck/docz,pedronauck/docz: ‚úçüèªIt has never been so easy to document your things!
https://blog.eq8.eu/article/common-aws-elasticbeansalk-docker-issues-and-solutions.html,Common AWS Elastic Beanstalk Docker issues and solutions.
https://ncase.me/,It's Nicky Case!
https://app.quickdatabasediagrams.com/#/,QuickDBD
https://mongoplayground.net/,Mongo playground
https://github.com/education/classroom,"education/classroom: GitHub Classroom automates repository creation and access control, making it easy for teachers to distribute starter code and collect assignments on GitHub."
https://github.com/jwasham/coding-interview-university,jwasham/coding-interview-university: A complete computer science study plan to become a software engineer.
https://github.com/kamranahmedse/developer-roadmap,kamranahmedse/developer-roadmap: Roadmap to becoming a web developer in 2018
https://zapier.com/jobs/4097015002/vp-of-engineering/,VP of Engineering - Join Zapier. From anywhere. | Zapier
https://medium.freecodecamp.org/the-definitive-node-js-handbook-6912378afc6e,The definitive Node.js handbook ‚Äì freeCodeCamp.org
https://designmodo.com/slides/?ref=producthunt#add-to-cart,Create Websites and Landing Pages - Slides 4 Framework
https://hackernoon.com/building-conclave-a-decentralized-real-time-collaborative-text-editor-a6ab438fe79f,"Building Conclave: a decentralized, real time, collaborative text editor"
https://hourofcode.com/us/learn,Learn
https://code.org/learn/local,Find a Local School | Code.org
https://community.modeanalytics.com/sql/,SQL Tutorial - Mode Analytics
https://winand.at/sql-slides-for-developers,SQL Slides by Markus Winand
https://www.youtube.com/watch?v=swR33jIhW8Q,YouTube
https://www.pgexercises.com/,PostgreSQL Exercises
http://knexjs.org/,Knex.js - A SQL Query Builder for Javascript
https://paperswithcode.com/sota,Browse the State-of-the-Art in Machine Learning
https://www.hackthissite.org/,Hack This Site!
https://hack-yourself-first.com/,Supercar Showdown - Supercar Showdown
https://paperswithcode.com/,Papers With Code : the latest in machine learning
https://www.ics.uci.edu/~duboisc/stackoverflow/,StackOverflow Data
https://github.com/OWASP/NodeGoat,OWASP/NodeGoat: The OWASP NodeGoat project provides an environment to learn how OWASP Top 10 security risks apply to web applications developed using Node.js and how to effectively address them.
http://bobby-tables.com/,bobby-tables.com: A guide to preventing SQL injection
https://confs.tech/javascript,JavaScript conferences in 2019 and 2020 | Confs.tech
https://jwt.io/,JSON Web Tokens - jwt.io
https://bl.ocks.org/mbostock,Mike Bostock‚Äôs Blocks - bl.ocks.org
http://chartmaker.visualisingdata.com/,chartmaker.visualisingdata.com
https://extra-nice.itch.io/skirmish,Skirmish Demo by Extra Nice
http://app.aspell.net/create?max_size=60&spelling=US&max_variant=2&diacritic=both&special=hacker&special=roman-numerals&download=wordlist&encoding=utf-8&format=inline,app.aspell.net/create?max_size=60&spelling=US&max_variant=2&diacritic=both&special=hacker&special=roman-numerals&download=wordlist&encoding=utf-8&format=inline
https://glitch.com/edit/#!/planet-generator?path=views/demo.js:1:0,demo.js ‚Äì planet-generator
https://azgaar.github.io/Fantasy-Map-Generator/,Azgaar's Fantasy Map Generator v1.0
https://github.com/Azgaar/Fantasy-Map-Generator,GitHub - Azgaar/Fantasy-Map-Generator: Web application generating interactive and customizable maps
https://link.springer.com/chapter/10.1007/978-3-030-00692-1_6,Algorithms for Random Maps Generation and Their Implementation as a Python Library | SpringerLink
https://www.reddit.com/r/roguelikedev/comments/6df0aw/my_implementation_of_a_bunch_of_dungeon_algorithms/,My Implementation of a Bunch of Dungeon Algorithms : roguelikedev
http://www-cs-students.stanford.edu/~amitp/game-programming/polygon-map-generation/,Polygonal Map Generation for Games
https://mewo2.com/notes/naming-language/,Generating naming languages
https://mewo2.com/notes/terrain/,Generating fantasy maps
https://github.com/inconvergent,inconvergent (Anders Hoff) ¬∑ GitHub
http://domainmap.webperf.tools/,Request Map Generator
https://github.com/dariusk/corpora,GitHub - dariusk/corpora: A collection of small corpuses of interesting data for the creation of bots and similar stuff.
https://docs.sqlalchemy.org/en/13/orm/tutorial.html#building-a-many-to-many-relationship,Object Relational Tutorial ‚Äî SQLAlchemy 1.3 Documentation
https://bigscience.notion.site/BLOOM-BigScience-176B-Model-ad073ca07cdf479398d5f95d88e218c4,BLOOM: BigScience 176B Model
http://www.internettrafficreport.com/,Network Overview /// Internet Traffic Report
https://www.dynatrace.com/platform/digital-experience-monitoring/,Digital experience monitoring | Dynatrace
https://www.izotope.com/en/products/rx/features.html,RX 7 Features
https://isc.sans.edu/links.html,Useful InfoSec Links - SANS Internet Storm Center
https://opengameart.org/,OpenGameArt.org
https://dev.events/AM,Developer conferences in Americas 2023 / 2024
https://www.linkedin.com/pulse/tech-conferences-your-guide-best-events-2023-turnkey-labs/,(4) Tech Conferences: Your Guide to the Best Tech Events in 2023 | LinkedIn
https://womenhack.com/events/,WomenHack - Events
https://www.pdxwit.org/upcoming-events,Women In Tech Events - Professional Networking | PDXWIT ‚Äî PDXWIT
https://techmeetups.com/product-category/tech-job-fair/,2023 TECH JOB FAIRS ‚Äì TechMeetups
https://www.google.com/search?q=dev+conferences&rlz=1C1CHBF_enUS852US852&oq=dev+conferences&aqs=chrome..69i57j0i512l3j0i22i30l3j69i65.4145j0j7&sourceid=chrome&ie=UTF-8&ibp=htl;events&rciv=evn&sa=X&ved=2ahUKEwjy7pyRjIyAAxUXIUQIHaRCDRMQ5bwDegQIbBAB#fpstate=tldetail&htidocid=L2F1dGhvcml0eS9ob3Jpem9uL2NsdXN0ZXJlZF9ldmVudC8yMDIzLTA3LTEzfDE0ODIzODI2ODgyOTMzNTI5OTcx&htivrt=events&mid=/g/11sj9gc56p&sxsrf=AB5stBglJOqCnZIdU-BzCCwNKG1aeyCi-A:1689265434481,dev conferences
https://dev.events/,Developer conferences 2023 / 2024
https://dev.to/listings,Listings - DEV Community
https://www.linkedin.com/search/results/events/?keywords=developer&sid=CIu,"(3) ""developer"" | Search | LinkedIn"
https://docs.google.com/document/d/1z-fRJ896R5hpDYyQbwWXivnkYpRGv--_1_Pcxqc4d74/edit#heading=h.qpg2vvhi7kym,School Structure - Google Docs
https://www.gofundme.com/f/jcs-medical-urgent-medical-expenses?utm_campaign=p_lico+share-sheet-first-launch&utm_medium=copy_link&utm_source=customer,Fundraiser by Toni Rizzo : JC's Cancer Treatment Expenses
https://www.papercall.io/,PaperCall.io
https://www.maketechworkforyou.com/learn-use-love-program,"Learn, Use, Love Program ‚Äî Make Tech Work For You"
https://open.spotify.com/concerts/location/5746545-Portland-OR-US?filter=all,Spotify ‚Äì Shows in Portland
https://jsonresume.org/,JSON Resume
https://docs.topazlabs.com/video-ai/filters/frame-interpolation,Frame Interpolation | Topaz Video AI
https://graceavery.com/word2vec-fish-music-bass/,Word2vec: fish + music = bass | graceavery
https://github.com/joaomdmoura/crewAI?tab=readme-ov-file,"joaomdmoura/crewAI: Framework for orchestrating role-playing, autonomous AI agents. By fostering collaborative intelligence, CrewAI empowers agents to work together seamlessly, tackling complex tasks."
https://github.com/kyegomez/tree-of-thoughts,kyegomez/tree-of-thoughts: Plug in and Play Implementation of Tree of Thoughts: Deliberate Problem Solving with Large Language Models that Elevates Model Reasoning by atleast 70%
https://trackthis.link/,Track This | A new kind of Incognito
https://www.operationprivacy.com/,Operation Privacy
https://dashboard.operationprivacy.com/home,Operation Privacy Dashboard
https://github.com/users/cycloarcane/projects/2/views/1,Backlog ¬∑ MultiverseCyberSecurity
https://github.com/corca-ai/awesome-llm-security,"corca-ai/awesome-llm-security: A curation of awesome tools, documents and projects about LLM Security."
https://spline.design/,Spline - 3D Design tool in the browser with real-time collaboration
https://console.firebase.google.com/u/0/project/technomancyschool-394117/firestore/data/~2Frooms,Firebase console
https://console.firebase.google.com/u/0/project/technomancyschool-394117/firestore/data/~2Frooms~2Fai,technomancyschool - Cloud Firestore - Data - Firebase console
https://arxiv.org/abs/2403.09629,[2403.09629] Quiet-STaR: Language Models Can Teach Themselves to Think Before Speaking
https://github.com/OpenInterpreter/open-interpreter,OpenInterpreter/open-interpreter: A natural language interface for computers
https://arxiv.org/pdf/2403.15848.pdf,On the Stability of Learning in Network Games with Many Players
https://github.com/sidhujag/autogen/tree/main/samples/apps/autogen-studio,autogen/samples/apps/autogen-studio at main ¬∑ sidhujag/autogen
"https://arxiv.org/abs/2402.14531#:~:text=This%20phenomenon%20suggests%20that%20LLMs,language%20processing%20and%20LLM%20usage.",[2402.14531] Should We Respect LLMs? A Cross-Lingual Study on the Influence of Prompt Politeness on LLM Performance
https://arxiv.org/pdf/2310.13798.pdf,2310.13798.pdf
https://lu.ma/,Luma ¬∑ Delightful Events Start Here
https://cyberchef.io/,CyberChef
https://arxiv.org/pdf/1712.05877.pdf,1712.05877.pdf
https://www.fractionaljobs.io/,Fractional Jobs | The Job Board For Fractional Work
https://notebooklm.google/,NotebookLM: Personalized AI
https://github.com/danikhan632/guidance_api,danikhan632/guidance_api: An Extension for oobabooga/text-generation-webui
https://gist.github.com/Artefact2/b5f810600771265fc1e39442288e8ec9,GGUF quantizations overview
https://course.fast.ai/,Practical Deep Learning for Coders - Practical Deep Learning
https://xkcd.com/1205/,xkcd: Is It Worth the Time?
https://github.com/VRSEN/agency-swarm,VRSEN/agency-swarm: An opensource agent orchestration framework built on top of the latest OpenAI Assistants API.
https://sdk.vercel.ai/docs,Documentation - Vercel AI SDK
https://huggingface.co/spaces/Xenova/webgpu-clip,WebGPU CLIP - a Hugging Face Space by Xenova
https://www.semanticscholar.org/paper/Narrative-Improvisation%3A-Simulating-Game-Master-Strugnell-Berry/67120aa4c09ad289740faef3681a0a821a503af4,Narrative Improvisation: Simulating Game Master Choices | Semantic Scholar
https://github.com/stanfordnlp/dspy,stanfordnlp/dspy: DSPy: The framework for programming‚Äînot prompting‚Äîfoundation models
https://rye.astral.sh/,Rye
https://docs.multion.ai/learn/browser-extension,Browser Extension
https://www.multion.ai/api/pricing,Agent API Pricing ‚Äî MultiOn AI
https://apps.apple.com/us/app/dot-living-history/id6450016041,Dot - Living History on the App¬†Store
https://new.computer/,Dot by New Computer
https://www.cursor.com/pricing,Pricing | Cursor - The AI-first Code Editor
https://www.southparkcommons.com/,South Park Commons
https://www.usegalileo.ai/pricing,Galileo AI
https://www.qualified.io/pricing,Pricing - Qualified
https://www.lytmus.io/,"Lytmus ‚Äì Hire using real tasks, not brainteasers ¬∑ Web, Ops, QA, Data"
https://axonify.com/,Axonify | Microlearning Platform
https://reacttraining.com/,Learn React from the creators of React Router
https://realpython.com/,Real Python - Real Python
http://cabotapp.com/use/rota.html,Cabot - monitor and alert : Rota
https://www.atlassian.com/it-unplugged/itsm/incident-management-process,Nailing the incident management process | Atlassian
https://github.com/SBoudrias/Inquirer.js,SBoudrias/Inquirer.js: A collection of common interactive command line user interfaces.
https://courses.edx.org/courses/course-v1:TeachersCollegeX+BDE1x+2T2015/9b10f7cbed9243d1b4fcec21e1b2cfea/,Course Reading List | BDE1x | edX
https://www.youtube.com/watch?v=CZ3wIuvmHeM,(28) Mastering Chaos - A Netflix Guide to Microservices - YouTube
https://www.slideshare.net/huangyun/2015edm-featureaware-student-knowledge-tracing-tutorial?related=1,2015EDM: Feature-Aware Student Knowledge Tracing Tutorial
http://blog.ycombinator.com/preston-silverman-on-building-out-a-marketplace-in-education-at-yc-edtech-night/,Preston Silverman on Building out a Marketplace in Education ‚Äì at YC Edtech Night
http://blog.ycombinator.com/theres-an-art-to-getting-brilliant-people-to-surprise-themselves-kevin-slavin-of-the-shed/,There‚Äôs an Art to Getting Brilliant People to Surprise Themselves ‚Äì Kevin Slavin of The Shed
https://martinfowler.com/bliki/MachineJustification.html,MachineJustification
http://www.educationaldatamining.org/EDM2015/uploads/papers/paper_113.pdf,paper_113.pdf
http://www.upenn.edu/learninganalytics/ryanbaker/bigdataeducation.html,www.upenn.edu
https://codeandcodes.com/2014/07/31/mongodb-performance-enhancements-and-tweaks/,MongoDB performance enhancements and tweaks ‚Äì Code and Codes
https://docs.mongodb.com/manual/faq/concurrency/,FAQ: Concurrency ‚Äî MongoDB Manual 3.6
https://worldofwarcraft.com/en-us/news/21115833/riddle-me-this-decrypting-the-lucid-nightmare,Riddle Me This: Decrypting the Lucid Nightmare - WoW
http://www.midss.org/content/team-learning-and-psychological-safety-survey,Team Learning and Psychological Safety Survey | Measurement Instrument Database for the Social Sciences
https://standuply.com/blog/slack-bot-business-tutorial/,"Slack Bot Business Tutorial: From Zero to $25,000/mo - Standuply"
https://vimeo.com/235729263,4 - Camunda Rest API Tutorial on Vimeo
https://www.contentful.com/,www.contentful.com
https://graphcms.com/,graphcms.com
https://www.cmswire.com/web-cms/13-headless-cmss-to-put-on-your-radar/,13 Headless CMS to Put on Your Radar
http://www.penny-arcade.com/,Penny Arcade! - And Here's Gabe With The Weather
http://www.pvponline.com/,PvPonline.com ¬∑ Hosted by SPEAKEASY.NET
http://www.giantitp.com/,oots0412.html
http://www.reallifecomics.com/,Real Life Comics - The Online Comic ¬©1999-2006 Greg Dean
http://www.asofterworld.com/,a softer world
http://xkcd.com/,"xkcd - A webcomic of romance, sarcasm, math, and language - By Randall Munroe"
http://joyoftech.com/joyoftech/index.html,The Joy of Tech comic... laughter is the best tech support.
http://www.basicinstructions.net/,Basic Instructions
http://www.viruscomix.com/subnormality.html,SUBNORMALITY!
http://www.oglaf.com/,oglaf
http://www.wetherobots.com/,WE THE ROBOTS
http://www.daisyowl.com/,Daisy Owl - Pie Test
http://www.smbc-comics.com/,Saturday Morning Breakfast Cereal
http://www.explosm.net/comics/1507/,Comics - Explosm.net
http://www.amazingsuperpowers.com/ComicArchive/006.htm,AmazingSuperPowers: It's Not Fair
http://www.sisterclaire.com/,http://www.sisterclaire.com/
http://www.vgcats.com/comics/?strip_id=223,VG Cats - Comics - Updated Monday
http://www.overcompensating.com/,OVERCOMPENSATING: The Journal Comic With a Seething Disdain for Reality.
http://www.sinfest.net/,Sinfest: The Webcomic To End all Webcomics
http://www.deadwinter.cc/,http://www.deadwinter.cc/
http://www.thezombiehunters.com/,http://www.thezombiehunters.com/
http://stufffchristianslike.blogspot.com/2008_01_01_archive.html,Stuff Christians Like: January 2008
http://abbysagency.us/?p=40,Abby‚Äôs Agency ¬ª Archive ¬ª A
http://parentingbeyondbelief.com/blog/,The Meming of Life Parenting Beyond Belief on secular parenting and other natural wonders
http://seemikedraw.wordpress.com/,See Mike Draw
http://www.mahouohno.com/,Mahou Oh No! ‚Äì A web comic by Miranda Leigh
http://www.sluggy.com/comics/archives/daily/091119,Sluggy Freelance - Comic for 11/19/09
http://vandelaydesign.com/blog/design-process/feedback/,21 Resources for Getting Design Feedback | Vandelay Design Blog
http://www.mrwiggleslovesyou.com/rehab7.html,Rehabilitating Mr. Wiggles
http://www.joesgoals.com/,Joe's Goals - Free Online Habit Tracker
http://www.penny-arcade.com/,Penny Arcade! - And Here's Gabe With The Weather
http://www.pvponline.com/,PvPonline.com ¬∑ Hosted by SPEAKEASY.NET
http://www.reallifecomics.com/,Real Life Comics - The Online Comic ¬©1999-2006 Greg Dean
http://xkcd.com/,"xkcd - A webcomic of romance, sarcasm, math, and language - By Randall Munroe"
http://www.asofterworld.com/,a softer world
http://joyoftech.com/joyoftech/index.html,The Joy of Tech comic... laughter is the best tech support.
http://www.basicinstructions.net/,Basic Instructions
http://www.smbc-comics.com/,Saturday Morning Breakfast Cereal
http://www.explosm.net/comics/1507/,Comics - Explosm.net
http://www.sinfest.net/,Sinfest: The Webcomic To End all Webcomics
http://www.giantitp.com/,oots0412.html
http://www.viruscomix.com/subnormality.html,SUBNORMALITY!
http://www.oglaf.com/,oglaf
http://www.daisyowl.com/,Daisy Owl - Pie Test
http://www.amazingsuperpowers.com/ComicArchive/006.htm,AmazingSuperPowers: It's Not Fair
http://www.sisterclaire.com/,http://www.sisterclaire.com/
http://www.vgcats.com/comics/?strip_id=223,VG Cats - Comics - Updated Monday
http://seemikedraw.wordpress.com/,See Mike Draw
http://www.sluggy.com/comics/archives/daily/091119,Sluggy Freelance - Comic for 11/19/09
http://www.thedoghousediaries.com/,DOGHOUSE
http://www.harkavagrant.com/index.php?id=44,"Hark, a vagrant: 44"
http://www.deadwinter.cc/,http://www.deadwinter.cc/
http://www.thezombiehunters.com/,http://www.thezombiehunters.com/
http://www.mahouohno.com/,Mahou Oh No! ‚Äì A web comic by Miranda Leigh
http://www.tryinghuman.com/,Trying Human :: Awww... No more red layout.
http://www.sdamned.com/2008/12/12312008/,Slightly Damned - 297
http://www.mrwiggleslovesyou.com/rehab7.html,Rehabilitating Mr. Wiggles
http://www.meekcomic.com/2009/09/16/2-04/,The Meek ¬ª Archive ¬ª 2.04
http://topwebcomics.com/,TopWebComics.com - Showing Comics Ranked 1 to 100
http://www.wetherobots.com/,WE THE ROBOTS
http://www.wetherobots.com/,WE THE ROBOTS
http://www.captainexcelsior.com/?id=1,CAPTAIN EXCELSIOR by Zach Weiner and Chris Jones
http://www.bitemecomic.com/?p=429,Bite Me! ¬ª Archive ¬ª Page 001
http://www.c.urvy.org/?date=20080621,Curvy
http://www.c.urvy.org/?date=20080726,Curvy
http://www.c.urvy.org/?date=20090620,Curvy
http://www.c.urvy.org/?date=20090926,Curvy
http://www.overcompensating.com/,OVERCOMPENSATING: The Journal Comic With a Seething Disdain for Reality.
http://www.deadwinter.cc/,http://www.deadwinter.cc/
http://www.thezombiehunters.com/,http://www.thezombiehunters.com/
http://abbysagency.us/?p=40,Abby‚Äôs Agency ¬ª Archive ¬ª A
http://www.mahouohno.com/,Mahou Oh No! ‚Äì A web comic by Miranda Leigh
http://www.mrwiggleslovesyou.com/rehab7.html,Rehabilitating Mr. Wiggles
http://myapokalips.com/,APOKALIPS - The greatest web comic of all time
http://www.nicky510.com/california-here-i-come-with-nicky510/,"The Nicky510 webcomic ‚Äì It's An Adventure! ¬ª California, here I come ‚Äì with Nicky510!"
http://www.calamitiesofnature.com/archive/?c=3,"Calamities of Nature - Leader Shmeader, Page 2"
http://www.thezombiehunters.com/index.php?strip_id=22,The Zombie Hunters
http://www.harkavagrant.com/index.php?id=161,"Hark, a vagrant: 161"
http://www.rice-boy.com/,Rice Boy
http://wondermark.com/,Wondermark
http://www.thedoghousediaries.com/?p=573,DOGHOUSE | Feelings
http://exocomics.com/53/,53 ‚Ä¢ Extra Ordinary
http://myapokalips.com/,APOKALIPS - The greatest web comic of all time
http://www.captainexcelsior.com/?id=1,CAPTAIN EXCELSIOR by Zach Weiner and Chris Jones
http://www.harkavagrant.com/index.php?id=44,"Hark, a vagrant: 44"
http://www.nicky510.com/california-here-i-come-with-nicky510/,"The Nicky510 webcomic ‚Äì It's An Adventure! ¬ª California, here I come ‚Äì with Nicky510!"
http://www.calamitiesofnature.com/archive/?c=3,"Calamities of Nature - Leader Shmeader, Page 2"
http://www.thezombiehunters.com/index.php?strip_id=22,The Zombie Hunters
http://www.harkavagrant.com/index.php?id=161,"Hark, a vagrant: 161"
http://www.c.urvy.org/?date=20080621,Curvy
http://www.c.urvy.org/?date=20080726,Curvy
http://orgymania.net/,Slipshine - comics for people who think sex is FANTASTIC.
http://www.c.urvy.org/?date=20090620,Curvy
http://www.rice-boy.com/,Rice Boy
http://www.harkavagrant.com/index.php?id=214,"Hark, a vagrant: 214"
http://www.c.urvy.org/?date=20090926,Curvy
http://smbhax.com/cgi-bin/d.pl?e=0001&d=0002,"Supermassive Black Hole A*: Episode 1, Page 2"
http://www.explosm.net/,Comics - Explosm.net
http://yourmotherlikesit.blogspot.com/,Your Mother Likes it
http://abaddoncomic.com/,The Abaddon
http://superherogirladventures.blogspot.com/,The Adventures of Superhero Girl
http://dresdencodak.com/archives/,Dresden Codak ¬ª Comics
http://jessfink.com/Chester5000XYV/?p=354,Chester 5000 XYV ¬ª Archive ¬ª Sequential Tart Interview
http://www.noodlyappendage.com/watcher/?p=107,- Chapter 6 pages 9-10
http://jessemoynihan.com/,Jesse Moynihan
http://poorlydrawnlines.com/comic/kids/,Poorly Drawn Lines ‚Äì Kids
http://www.deathbulge.com/,Deathbulge - Comics
http://www.ohjoysextoy.com/blowjobs/,Oh Joy Sex Toy - How to Suck Cock
https://splashwebeffects.freshbooks.com/,Splash Web Effects Client Login Page
http://rollinballzcrew.com/preload.shtml,Rollin Ballz Crew [RBC] - Preloading
https://workflowy.com/,WorkFlowy - Organize your brain.
http://css-weekly.com/,CSS Weekly
http://sidebar.io/,"Sidebar: The 5 best design links, every day"
